pdb,cgRNASP[kBT],cgRNASP-P[kBT],cgRNASP-PC[kBT],rsRNASP[kBT],DFIRE_RNA
S_0.pdb,-832.656785,-1756.722756,-477.855202,-13480.621672,-107480.898934
S_1.pdb,-906.998285,-1793.175227,-503.722673,-13083.10427,-109213.715645
S_2.pdb,-848.156354,-1696.449118,-484.102716,-12461.188879,-109108.637626
S_3.pdb,-940.98071,-1983.364057,-537.45931,-14576.361343,-112317.013078
S_4.pdb,-840.418262,-1804.188282,-483.47381,-12913.181111,-107330.25558
